doc_idx,rewrite
8,Great app for finding information.
7,App functionality is praised.
2,Apple Pay availability for online purchases is desired.
5,Service reliability is usually good but sometimes glitchy.
1,Incorrect goods with strong dissatisfaction.
3,Easy travel insurance acquisition with mixed broker quality.
11,App's inability to find cars frustrates user.
0,App quality praised as much improved.
6,Failed program criticized for poor communication and delays.
12,App functionality is working great.
13,ORG62's dangerous driving is a nightmare.
4,App's inability to provide hotel address frustrates.
9,Wishes more frequent updates and timely push notifications.
10,App functionality broken by update with frustration.
16,User friendliness is praised.
19,Requests for restock notifications with positive sentiment.
20,Excellent card quality
27,Frustrated inability to read the scarce reviews.
26,Service clarity is praised.
14,Enjoying shopping with you
17,Positive cab service quality
25,Loves the app.
24,Service reliability praised as excellent.
18,Sad about the Huddersfield store closing.
21,App functionality is disappointing and broken on older iOS.
23,Amazing application quality.
22,App functionality is terrible and unreliable.
15,Improved app performance and functionality praised.
28,Frustrated by ignored specific time requests.
29,Frustrated confusion about handling recurring flashbacks.
31,Great app sentiment.
33,Requests integration and iPad app with positive sentiment.
35,Loves the card.
43,Great offline access to coupons and vouchers.
32,Awesome experience with the service.
39,Excellent fit and quality of women's clothing.
36,Frustrating software struggles with multiple quotes.
38,Requesting Sweden stock market addition with positive sentiment.
42,Effortless product search and purchase.
37,Excellent UPS courier service.
34,Good value for the service.
30,"Fabulous service, thanks."
41,Brilliant overall service quality.
40,Loved the quietness.
44,Ordering shoes online with need.
46,Positive sentiment towards shopping at ORG216
48,Positive impact on travelers.
51,Great app functionality.
47,Essential app that makes parenting easier.
52,Banking solution exceeds expectations with great satisfaction.
45,Saves so much time with shoe shopping.
55,Flawless app usage is a godsend.
50,Incorrect billing frequency and missing bills.
57,Service quality is praised.
54,Codes expire too quickly.
58,Unclear ride time estimation is criticized.
49,Extremely helpful service.
59,Extensive information on places.
53,Site quality is praised.
56,Frustrated with extremely slow download speeds.
61,Reliable service delivered with positive sentiment.
60,Nonexistent refund process causes frustration.
62,App usability is praised
70,Unresponsive support with negative sentiment.
65,Automatic discount deduction at checkout is desired.
72,Useful app
68,Easy to use with good results.
69,Raj Sian's helpful intervention resolved the switch issue.
73,Service installation completed successfully.
66,Service speed is criticized as slow and cumbersome.
64,Positive sentiment regarding top-quality information.
74,Frustrated recurring error messages.
71,App freezing with hope for a fix.
67,Service ease of use is praised.
63,Service quality is praised.
75,Asks for a chance to gain experience.
76,Frustrated inability to amend order and check out.
78,Appreciates low friction checkout.
81,Service quality is praised.
77,Usefulness is viewed positively.
85,Great service thanks.
87,Easy shopping experience with positive sentiment.
79,App quality is praised.
80,Excellent app quality.
84,Annoying game prompts but otherwise convenient service.
88,Brilliant value for money.
89,Service ease of use is praised.
82,Recent update caused frustrating bugs.
83,Functionality is praised.
94,Amazing service and helpful staff.
92,Unconfirmed reservation with negative sentiment.
86,Enthusiastic support for the service.
91,App quality is praised.
96,Service is easy to deal with.
95,Impressively fast early delivery.
90,Service ease of use and convenience praised.
93,App stability is criticized.
97,Easy to use app.
103,Excellent customer support
98,Satisfied with ORG51.
99,Awesome application performance
102,Service is useful and recommended.
104,Positive advice
101,Excellent super application.
111,All aspects of the service are praised.
106,Disappointed by decreasing product quality and bad service.
108,Awesome app functionality
107,Strongly negative sentiment on service usage.
105,Loves the opportunity to learn while investing.
109,App functionality is criticized.
115,Service comfort and ease viewed positively.
120,Fraudulent service steals money with negative sentiment.
119,Helpful app loved
110,ORG79 provides a valuable tool for staying informed.
121,Smoother circulation through application review.
118,Loves the app.
112,Positive sentiment on service updates.
113,User-friendly aspect viewed positively.
122,Navigation is praised for being easy.
114,Service lost a user due to inflexible operating system requirements.
100,Fantastic app quality.
117,Platform reliability is criticized as very bad.
116,Cannot change profile FT with frustration.
123,Service functionality is criticized as broken.
124,Nearby location convenience is disappointing.
126,Pity about non-existent art collections.
131,Informative and useful application.
125,Positive sentiment on money control.
128,VPN compatibility is negatively discussed.
127,Fast delivery with positive surprise.
134,Unfair to pay for unused service.
133,Smooth ISA transfer with excellent communication.
132,Positive sentiment on being the first travel app.
129,Booking experience rated average due to first time.
130,Navigation is very easy.
138,User-friendly tools for newbies.
135,Anxious uncertainty about shoe delivery.
136,ORG61's unexplained order cancellation is frustrating.
137,Frustrating lock on terms and privacy screen.
141,Excellent service quality.
139,Loving the service.
143,Service quality praised enthusiastically.
144,Positive military discount.
140,Missing size filter in app is frustrating.
150,Reliable performance on the board.
142,Great learning app marred by bright colors and freezing.
151,Product preparation speed is frustratingly slow.
149,Satisfied with the app despite initial skepticism.
148,Convenient and efficient service.
145,Easy to use app with helpful reminders.
146,Enjoying the ease of buying stocks and cryptocurrency.
147,Jaeden's helpfulness praised positively.
152,Reliability of the service is praised.
153,App functionality frustrates with poor sorting and unwanted features.
155,Invaluable service for travel
165,Inconvenient service with non-functional communication and tracking.
163,Excellent investment app.
154,Great opportunity for everyone.
164,Frustrated inability to sign in.
161,Loved everything about the service.
159,Need more Jordans selection.
156,Ordering speed is too slow.
160,Service performance is praised as perfect and fluid.
157,Requesting full APK availability.
162,Frustrated inability to locate the installed app.
166,Excellent product availability at ORG9.
158,Frustrated by long drive wait times due to missing bags.
167,Fun and profitable service
169,Free rewards are worth five stars.
170,Service ease with positive sentiment.
173,Service value is positive.
176,App quality is praised.
179,Refuses to download with negative sentiment.
168,Easy to use with incredible product variety
171,Cart issues need improvement.
180,Loves the app and its educational value.
181,User friendliness is praised.
174,Slow sand processing is bothersome.
177,Service speed is praised.
178,App functionality is frustratingly unreliable.
182,Frustrated that standard seat booking is unavailable.
175,Frequent use for travel is positive.
172,ORG110 is an untrustworthy service that should be avoided.
183,Good app with positive sentiment.
189,Service ease is praised.
190,Service location is inconvenient.
187,Unresponsive customer service causing dissatisfaction.
185,Awesome app with positive sentiment.
195,Ordering process is praised.
188,Useful and intuitive service aspect.
192,Polite and understanding service.
193,App compatibility issues on custom ROMs cause access loss.
186,Excellent virtual store arrival.
199,Good selection of insurances
191,Excellent app quality
184,Pleasant and patient help with switching utility companies.
194,Frustrated wait for item delivery.
201,Workers' warm and friendly helpfulness praised.
198,Delayed delivery causing frustration.
196,Service is accommodating with positive sentiment.
204,Very pleased with fit and size.
197,Easy to use with good options.
202,Great app functionality.
203,Frustrated with biased driver selection and lack of rate control.
200,Service ease of use is praised.
211,Overall service quality is very good.
206,Negative sentiment on unfair pricing.
205,Fantastic service for using abroad
207,Amazing app with requests for specific partnerships.
209,Service ease could be improved.
208,Application crashes frustrate due to silent developers.
210,Inaccurate information causing frustration and extra verification.
215,Nice app experience
213,Very poorly optimized memory usage.
212,Positive service value.
216,App quality is praised.
214,Desires nationwide expansion of service.
223,User-friendly navigation with positive sentiment.
224,Easy insurance access with positive sentiment.
217,Great app functionality.
220,Opposition to family and moral values.
222,Awesome app functionality.
219,Lack of communication channels is criticized.
228,Ease of use and informativeness are praised.
226,Quality is very good.
221,Good service and selection with positive sentiment.
218,Positive sentiment about the informative section.
227,Frustrated inability to become a user.
225,Service sentiment is unclear due to illegible text.
230,Untrackable tracking numbers causing frustration.
235,Learning from investors is ideal for starting.
234,Convenient service.
236,Service quality is praised.
232,User friendly with positive sentiment.
233,User-friendly service makes life easier.
231,Forced club registration is frustrating.
229,Practicality is praised.
241,Fun money-earning experience.
239,Service ease of use is praised.
237,Users want to delete travels for privacy.
242,"Missing ""show rest of shelf"" option is disappointing."
238,Easy to use for shopping
244,Usefulness is viewed positively.
240,Unresponsive service with no help provided.
243,Loves the organization with a rating of 5.
245,App crashes and errors cause horrible experience.
254,"Insufficient vehicles in Ahmedabad, especially ORG62 Moto."
249,Frustrated inability to use points.
250,Positive sentiment on Yelp reviews.
252,Excellent fit of leather pants.
257,Loves the app
253,Helpful service with positive sentiment.
246,Positive app quality
258,Service is perceived as dishonest.
248,Painful scam experience with money loss.
259,Room service is bad.
256,Good platform with positive sentiment.
255,Inconsistent insurance pricing is frustrating.
261,Service functionality is praised.
265,Service quality is praised.
267,Missing message history in the application.
264,Service usefulness is praised.
263,Very helpful and thoroughly explained service.
262,Excellent way of carrying offers.
247,Positive experience with customer support contact.
251,Desire for expanded investment options and instant funding.
268,ORG6 is wonderful.
270,Very good trips with ORG160.
269,App performance is frustratingly unstable.
266,"Lack of stopping function, negative sentiment."
260,Frustrated with non-working app despite multiple reinstalls.
273,Professional document handling is always good.
274,Urgent escape from ORG62's suffocating environment.
279,Comfortable shoes for long walks.
272,Easy to use with positive sentiment.
282,Travelling made easy
271,Positive sentiment on service quality.
284,Availability of scheduling races in Brazilian states.
283,App functionality is broken and frustrating.
278,Convenient service.
276,App functionality is praised as perfect.
277,Extremely helpful service answering all questions.
280,Service functionality is completely broken.
285,Easy and stress-free user experience
275,Service usage is enthusiastically endorsed.
286,Convenient and user-friendly service highly recommended.
281,Reliable service correspondence with good data connection.
290,Service works smoothly with positive sentiment.
287,"Robyn's helpful, professional, and friendly service."
295,Nice app experience
293,Daughter's wonderful experience with ORG62
292,"Fast and efficient service performance, positive sentiment."
298,Likes convenient app access and updates.
288,Positive sentiment on sneaker sizing and fit.
297,App lacks separate night unit input functionality.
300,Excellent boutique service.
291,Experience has been good so far.
289,Service quality is praised as the best.
294,Affordable pricing is viewed positively.
302,Service violates women.
304,Reliable restaurant and hotel recommendations.
306,Excellent service with great enthusiasm.
305,Works very well with positive sentiment.
301,Excellent and efficient service highly recommended.
296,Product fit is praised as perfect.
303,Excellent service quality.
311,Nice app functionality
312,Great service for travel.
299,Service functionality praised as working very well.
307,Authenticity of public-generated information is truly appreciated.
309,Excellent service quality.
313,Easy to use with positive sentiment.
308,Usefulness for going places alone or with others.
310,Service availability is frustratingly limited.
317,Service usability is criticized as poor.
316,Amazing app with gratitude.
314,Missing bank deposits cause frustration.
319,Excellent and reliable service quality.
323,Affordable pricing is praised.
320,App performance is frustratingly unreliable.
315,Loving the service.
324,Loves the smooth finish of the service.
318,Removal of ORG62 option for contacts is criticized.
325,Requesting travel credit with a polite sentiment.
321,Convenient service access with positive sentiment.
327,Greeting the thief with hostility.
328,Anticipating order arrival with neutral sentiment.
326,Positive page design.
322,Broken app after update with negative sentiment.
329,Refund process is dishonest.
339,Great customer support that is direct and effective.
330,Boosting app downloads with an optimistic sentiment.
335,ORG160 is enthusiastically endorsed as the best choice.
338,Easy and practical service is very helpful.
342,Excellent app quality.
341,Service ease and quality praised.
333,Positive UI and functionality.
331,Application quality is praised.
332,Service ease of use is praised.
336,"Easy, straightforward site usability with positive sentiment."
334,Intelligence of the service is praised.
337,"Points and transactions wiped to zero, frustrated."
344,Nice app with positive sentiment.
346,Usefulness is viewed positively.
345,Finds options within budget and timeframe positively.
350,App performance declined with glitches.
349,Excellent service thanks
340,User friendliness is praised.
352,"Simple, easy stock trading."
355,Easy to learn and track positions with few problems.
348,Unreliable page loading.
354,Annoying service aspect.
356,Incorrect purple shirt accepted with adaptability.
347,Great investing app for beginners
343,Loving the organization.
357,Frustration with inconsistent service availability.
353,Helpful and reassuring service made switching easy.
359,Frustrated inability to close account and remove data.
351,Negative sentiment on service taking away livelihood.
360,Changing credit cards is frustratingly difficult.
365,Service simplicity is praised.
362,Excellent and very useful app.
366,Cash out speed is frustratingly slow.
367,Reliable site with fulfilling content worth referencing.
363,"Easy to use, but lounge availability needs listing."
361,Learning and growing dollars with positive sentiment.
372,Excellent transfer services
364,App performance under high traffic with optimism
358,Positive sentiment on delayed bed feedback.
376,Limited website content visibility is disappointing.
378,Positive ease of navigation
379,Useful for travelers
373,Color change issue with frustration.
370,Excellent search engine functionality.
369,Service ease is praised.
374,App functionality is helpful for travel.
375,Excellent product selection
382,Excellent service quality.
368,Easy quote and purchase process.
380,Great app functionality.
377,Missing features and poor search recognition.
383,Service ease of use is praised.
389,Unhelpful customer service
381,Effortless ordering and shopping experience.
371,Enjoyment of viewing penny stocks.
390,Positive sentiment about deals.
386,Hotel quality is excellent.
387,Service ease is praised.
393,Great customer service experience with agent.
384,Great sale for everyone.
385,Excellent service quality.
388,Fast delivery despite crisis with positive sentiment.
391,Eagerly awaiting fractional shares feature
396,Expensive delivery despite being convenient.
392,Loves the app
397,Service quality is praised.
402,Inconspicuously navigating menus and specifying places.
403,Service usability is praised as simple and effective.
399,Ideal use of traveler experiences in personal gorma.
398,Timely delivery and accurate product description praised.
407,Dressing nicely with positive sentiment.
400,Fast and easy service praised.
394,Useful and simple service
401,Easy to use with positive sentiment.
409,Useful item availability checking
413,Ivan's helpfulness is praised.
395,Awesome app for finding accommodation
405,Switching is easy
406,Cannot find loaded app on devices.
410,Car insurance price reduction praised.
404,App functionality is criticized as broken.
411,Beautiful appearance exceeds expectations.
414,Likes the app very much.
408,Convenient service with positive sentiment.
417,ORG44's excellence.
415,Easy site navigation praised.
421,Excellence of the service.
419,Raising partner rates with a positive sentiment.
418,Wonderful app experience.
427,App quality improved but lacks wallet integration.
412,App connection errors are frustrating.
426,Excellent quality and beautiful clothes.
424,Frustrating payment process with mandatory credit card storage.
416,Frequent glitches causing consideration of leaving.
420,Handy to use and very informative.
429,Service quality is praised as essential.
425,Dislikes new icon and monetized activity suggestions.
431,Trading hours are criticized.
422,Very good service attention
434,Awesome app performance
435,Excellent service with love.
433,Nice app functionality.
423,Excellent tool quality
432,Excellent debt advice and planning.
428,Disappearing stocks list after app update.
436,Broken referral link causes frustration.
443,App fails to open and update availability issues.
439,Service is highly recommended.
430,Car color visibility is unsatisfactory.
437,Tragic death of Alex Kearns.
438,"Poor, untested software with worsening performance."
448,Positive sentiment about free stock offer.
441,Abusive collection practices.
440,Love handy checkout and voucher convenience.
449,Polite and helpful customer service.
444,Excellent service quality.
446,App quality is okay.
442,Loves everything about the advantage card.
445,Love for ORG79 with no complaints
447,Loving the service with great affection.
461,Travel app convenience praised.
455,App stability is frustrating.
453,Fast and efficient quote saving and selection process.
457,Convenient service for traveling.
458,Reliable service discussed with positive sentiment.
463,Service simplicity is praised.
460,Unreliable GPS causes frustratingly long routes.
456,Service punctuality is praised.
454,Dislikes unfair raffle system for purchasing shoes.
452,Fantastic banking service
450,Good app with positive sentiment.
451,Well laid out and functioning well.
462,Service functionality is praised.
459,"Love the clothes, want access to UK materials."
464,Very good site quality
465,Dislikes the jump back when declining insurance.
476,Very slow and unresponsive app performance.
470,Horrible website user-friendliness.
472,Service effectiveness is praised.
475,App design is praised.
466,Excellent wall quality
474,Excellent place to start investing.
477,Buggy login and registration process frustrates user.
471,Service ease is praised.
469,"Excellent service, highly recommended."
468,Fast delivery of order with positive surprise
478,Stress-free and convenient service.
467,Helps a lot.
473,"Complete inability to sign in, expressed with frustration."
479,Fantastic quality of clothes.
489,Superb application design.
486,Technical issues preventing orders with frustration
480,Positive sentiment on price and options.
488,Prescribed service was great.
481,Service ease and effectiveness praised.
491,Requests more features and stock information with dissatisfaction.
482,"Choice is good, but the journey is problematic."
487,Making money is straightforward.
490,Spectacular service quality praised as very good.
485,Annoying lack of sorting and filter resetting.
483,Loves the app.
493,Quality items with positive sentiment.
484,Service ease of use is praised.
492,Callum's excellent professional and personal manner.
496,Service potential is good but needs improvement.
494,Convenient shopping without carrying purchases home
499,Small offer of women's sleeveless tops.
501,ORG7 is awesome.
497,Hating the updated app version.
500,Service ease of use is praised.
506,Tremendous trouble relief with applause.
505,Great learning tool that earns money.
502,Excellent book selection.
504,Broken cinema search function.
503,App quality is praised.
507,Great rates with positive sentiment.
498,Finding hotels nationwide is very easy.
508,Loving the application upon using it.
495,Straightforward instructions for the technically unskilled
509,Great app functionality.
513,Unhelpful response to robberies.
511,The service is regarded as cool.
510,Loves the organization with enthusiasm
512,Extremely useful service aspect.
514,Brilliant overall service quality.
520,Fine wine selection is praised.
521,Dependable and helpful service for planning trips.
523,Great deals with positive sentiment.
517,Easy to use with clear visibility.
525,Service functionality is praised.
527,Service ease is praised.
524,Unusable app after update
518,Service suitability for beginners is praised.
515,Lack of user support for problems or scams.
522,Enjoying looking at offers and new items.
526,Useful for finding restaurants.
519,Service ease of use is praised.
516,Frustrated with the app's excessive brightness when checking orders.
535,Frustrated by frequent app kicks.
532,Awesome app functionality.
538,Helpful app with positive sentiment.
531,Increasingly rare beads with positive sentiment.
529,"Hopeless service, will not use again."
536,Wide variety of choices is praised.
537,Satisfied first-time ordering experience.
540,Frequent connection errors cause frustration.
534,Requesting a comprehensive dark theme with satisfaction.
533,Easy to use and fun.
528,Great service at ORG222.
539,Very pleased with ease of use.
530,Lack of ordering option for ORG62 pool.
541,Unique service with positive sentiment.
544,Helpful app for searching places.
545,Excellent service highly recommended.
543,Pricing is perceived as a great value.
554,App update issues causing frustration.
548,Sporty zeitgeist brand with positive sentiment.
551,Excellent quality of service.
542,"Very useful, easy to use, and responsive app."
550,Switching provider is frustrating due to technical limitations.
553,Great app functionality.
546,Quick and handy service.
547,Great app for convenient browsing and checking out.
552,Dislikes local relevance and duplicate business listings.
555,Good app to start learning about trading stocks.
549,Service ease is praised.
556,Convenient same-day late booking.
561,Useful and easy service praised.
559,Unexpectedly earning points positively.
562,Excellent product sizing and delivery times
568,Confused frustration about missing package marked as delivered.
563,Shoes are loved enthusiastically.
566,App usability is criticized as poor.
560,Making money with easy withdrawals.
570,Slow delivery time with negative sentiment.
565,Inaccurate sort and filter option.
558,Service speed and efficiency praised.
564,Service is always good and efficient.
569,Positive exchange rates.
567,Great app quality.
557,Found great restaurants with positive sentiment.
572,App functionality is criticized.
574,"Easy navigation, everything great."
582,ORG7's service quality is excellent.
583,Clear and easy step-by-step process.
571,Buggy Creators Club feature frustrates user.
584,Missing favourite feature limits browsing and spending.
581,Service clarity is praised.
577,Loves the app
573,Notifications are excessive.
580,Service ease of use is praised.
579,Inconvenient customer service chat with low efficiency.
575,In-app notification settings are disregarded.
576,Excellent service quality.
578,Positive application quality
586,Directions are highly inaccurate.
589,Free €20 transaction credit is praised.
585,Great app with positive sentiment.
588,Item availability is disappointing.
592,Service simplicity is praised.
587,Convenient service with positive sentiment.
597,Easy service with positive sentiment.
599,Loves the awesome brand.
598,Fast delivery despite corona and halls
590,Efficient service is viewed positively.
594,Quality of the service is praised.
591,App quality is praised.
593,Excellent tips provided.
600,Excellent service quality.
602,Fast and reliable service is praised.
595,User-friendly ease of use and booking.
596,Frustrated with order placement bugs after upgrade.
601,User-friendly platform with a good share range
603,Positive shopping experience
608,Great tool for viewing all Macy's items.
610,Great app functionality.
607,Negative sentiment regarding service offers.
604,Helpful service with gratitude.
613,Non-functional new app replacement is criticized.
605,Positive service experience
611,Excellent quality of items highly recommended.
615,Smart phone requirement is a negative limitation.
616,Versatile shoes highly recommended for purchase
612,Trading ease is praised.
609,Service reliability is criticized.
617,Easy ordering process
606,Interesting tool functionality.
623,Unable to use VIP and birthday awards online.
618,Loves buying shoes from this place.
614,Frustration with the registration process.
619,Service precision is praised.
624,Fast availability for pickup or delivery is loved.
621,Brilliant items and service.
626,Essential tool for on-the-go convenience.
627,Loving the application's ability to facilitate spending.
625,Service reliability praised enthusiastically.
629,Brilliant app quality.
622,Cool masthead for travelers.
620,Excellent daily utility for ORG119 needs.
628,Easily finding needed items
630,Service quality is praised as very good and useful.
632,Insufficient information provided for the user.
634,"Lightweight, functional application"
640,Useful service for inquiring while traveling.
631,Positive sentiment on reward points accumulation.
642,Buggy service with occasional issues.
637,Limited item display in small window is a minor gripe.
639,Persistent service errors causing long-term frustration.
633,"Great app, but questionable date products are a pain."
635,Great for using abroad
645,Great visibility of incoming store inventory
643,Useful reviews are a good starting point.
638,Sending and receiving money makes life easier.
636,Loves using the app
641,Service functionality is criticized as a waste of time.
646,Helpful and direct service regarding listing issues.
656,Annoying app refreshing.
650,Good app with thanks
658,Great app functionality praised.
657,Service experience is praised enthusiastically.
648,Positive sentiment on interface and development.
651,Service ease is praised.
647,Designating drivers with trips that never end is frustrating.
652,Frustrated by unhelpful response to requests for help.
649,App functionality is negatively impacted.
644,Positive access to offers and promotions
653,Missing size chart causes customer frustration.
659,Frustrated by limited size selection and slow delivery.
654,Good app quality
655,Excellent customer service from Sophie.
663,Unprofessional entity involved in the market.
671,Service reliability is slightly problematic.
664,Loves shopping at ORG28
665,Delivery speed is perfect.
672,Easy site navigation with positive sentiment.
670,Hiring quality with negative sentiment
662,Heavy data transmission causes slow loading frustration.
669,Easy form filling and receiving multiple quotes.
661,"Solid app, but Level 2 Market Data lacks detail."
673,Great app with positive sentiment.
666,Lifelong loyalty to ORG52's service.
660,Relatives' very good opinion of the service.
668,Simple and easy service process.
667,Service reliability praised for doing exactly what it promises.
674,Efficient daily use.
675,App functionality and product availability are frustratingly poor.
680,Fast and easy service praised.
681,Educational aspect discussed with positive sentiment.
677,Loves the app's investing education.
682,Service quality is praised.
686,Helps find best shoes in your size.
685,Helpful app for learning with positive sentiment.
676,Great UI is praised.
679,Insufficient filters and mediocre service.
687,Happy with the interface.
683,Page functionality is criticized.
684,Frustrated by slow delivery and inaccurate tracking updates.
678,SneakerHead Stuff is discussed with a neutral sentiment.
689,Positive sentiment on service quality.
688,Saving money with gratitude.
693,Helpfulness is praised.
695,Effective and thorough issue resolution.
694,Loves Robinhood service.
691,Lovely helpful staff providing first class service.
699,App quality is praised.
702,Loves the app.
698,Profits are being discussed with a neutral sentiment.
690,Serious nature of the service.
692,Service quality is praised.
700,"Effortlessly finding desired size, style, and color."
697,Service ease and practicality praised.
696,Frustrated with unresponsive chat support.
704,Loves the app.
701,Connection errors causing frustration.
713,Ease of use is loved.
709,Service is easy and fun.
708,Overwhelming abundance of service.
705,Fantastic range for skin with love.
703,Support quality viewed with skepticism.
712,Quick service praised
711,Great service quality.
707,App functionality is inferior to web version.
715,Frustrated inability to get money back.
717,Efficient case review and return process.
710,Great app functionality.
716,Nice service quality.
714,Frustrated inability to log on to the service.
706,"Easy to use, always available, and widely accepted."
718,Inconsistent sizing despite good product quality.
725,Practicality is viewed positively.
721,Update fixed annoying app issues.
720,Precise real-time information application is perfect.
719,Unable to search for anything.
727,Convenient service with positive sentiment.
726,App performance is clunky and unresponsive.
723,App functionality praised for improving shopping experience.
724,Service ease of use is praised.
722,Unreliable app functionality and missing key information.
730,Amazing app with gratitude.
731,Comfortable fit for fat feet.
736,"Usability is praised, but bugs are criticized."
741,Excellent product quality.
740,Very happy with order fulfillment.
738,Walking ability praised with recommendation
729,Great app functionality.
733,App functionality is negatively discussed.
734,Great app experience
739,Forces unwanted app installation with negative sentiment.
737,Clothes are praised for being cool.
732,Service functionality is criticized as broken.
735,Service quality is praised enthusiastically.
742,Cool application quality
728,Customer fee structure is fair and personalized.
743,Service functionality is okay but clunky.
745,Effortless money transfers between accounts.
744,Excellent app enjoyment.
746,Very convenient and great for managing budget.
751,Viewing performance is easy.
748,Frustrated inability to log on.
749,Inability to block users enables harassment.
750,Buying experience is positive.
752,Positive sentiment on the clothes' appearance.
754,App quality is praised.
747,Service availability in Hong Kong is frustratingly delayed.
756,"App quality is praised, driver gender option suggested."
757,Great insurance and cinema benefits.
753,Service ease of use is praised.
755,Service operation is praised as easy and comfortable.
767,Easy handling is praised.
759,Service ease of use is praised.
763,Excellent banking service that should offer gold.
761,Deceptive gift card offers with poor service.
760,App quality is praised.
758,Fast and reliable service performance
770,Very fresh fruit and vegetables.
768,Loves ORG9 enthusiastically.
766,Excellent interface loved.
769,Service effectiveness is praised.
765,Excellent service thanks
771,Excellent service and products.
764,Excellent overall service sentiment.
762,Negative sentiment regarding customer support.
774,Trading ease is praised.
772,App functionality is broken and frustrating.
776,Frequent background location usage is questioned and unwanted.
775,Great app with positive sentiment.
777,Limited insights with mixed sentiment.
778,Reduced brand variety is inconvenient.
783,Unwanted claim regarding coconut replacement.
782,Good and interesting app.
779,Absence of ORG62 in Pachuca is a deception.
788,Very fast service speed.
786,Cool app functionality.
781,Positive ease of navigation
773,"Great for beginners, very easy to use."
787,Loves the organization.
780,Loves the application's tools.
790,Great deals with positive sentiment
791,ORG160’s accuracy is praised.
784,Comfortable shoes prevent tiredness.
785,Service quality is praised.
789,Effective service delivery.
794,Dislikes the app's flawed favorites algorithm.
798,Service quality is viewed negatively.
797,Very good and fast customer attention.
805,Excellent travel card benefits
799,Poor product quality and packaging.
800,New customer acquisition discussed positively.
803,Frustrated inability to retrieve PIN.
796,Service is found interesting.
802,Disappointed with the latest update breaking the app.
804,Frustrated inability to quote flights.
793,App looks straightforward with positive sentiment.
792,Service ease is praised.
806,Positive page quality.
812,"Desire for comprehensive, non-booking trip planning features."
813,App quality is praised.
807,Slow delivery causes negative customer experience.
811,Service ease is praised.
818,Service quality is praised.
808,Service ease of use is praised.
814,Positive sentiment about the alerts.
810,Traveling suitability is praised.
817,"Refuses valid vouchers, which is annoying."
816,Brilliant overall service quality.
815,Highly positive recommendation rate.
822,Extremely satisfied with long-term service use.
824,Making profit with masks is disliked.
821,Service ease of use is praised.
823,Ineffective product search with very poor results.
829,Graphs lack detail and scaling.
826,Very reliable service delivery.
820,Positive sentiment about clothing quality.
825,Convenient service after initial setup.
828,Loves the app
819,Shopping experience is favorite
827,Incidental expenses are a bit too insistent.
831,Deepening chest information with a positive sentiment.
835,Positive sentiment on Designer Shoe Sale.
836,Wide selection with positive sentiment.
830,Useful and truthful service quality
833,Great app that works well.
839,Requesting more options.
834,Requesting API access addition.
840,Wonderful hosts and exceptional food.
838,"Reliable for places to visit, less so for hotels and restaurants."
837,App crashes on jailbroken iOS with negative sentiment.
832,Positive sentiment on pricing of watched items.
843,Practicality is viewed very positively.
842,Loving the variety of sizes and efficient returns.
841,Broken functionality after update with negative sentiment.
846,Easy navigation with positive sentiment
845,User-friendly and fast service with a nice sentiment.
844,Inability to close the app is frustrating.
848,Jaeden's kindness is praised
850,Service simplicity is praised.
849,Service appearance is praised positively.
851,Frustrating constant connection errors.
852,Application praised as a useful reference for restaurants and hotels.
859,Excellent service experience.
855,App quality is praised.
860,Very fast and efficient service with positive sentiment.
854,Card quality is excellent.
861,Service installation is criticized as rubbish.
858,Unreliable cab service during emergencies.
853,Saved money on main insurer.
856,Excellent variety of options to choose from.
857,Awful application functionality frustrates users.
862,Negative sentiment on burna option.
867,Service quality is praised.
865,Very good app
869,Excellent shopping experience.
863,Maneuverability is praised as easy.
868,Frustrated with missing reward for second reservation.
871,App update causing missing products with frustration.
870,Helpful and friendly password recovery service.
864,App quality is praised.
872,Lightweight and comfortable shoes praised.
866,Conveniently finds quality places anywhere.
875,Loves the site.
874,Fast delivery with delight
878,Free stock trades praised
873,Checking spending history with curiosity.
880,Helpful service.
879,Very nice app
882,App performance is criticized as horrible.
876,Service features are desired for charitable giving.
877,Product appearance and sizing accuracy praised.
885,Helpful travel guidance
881,Criticism of removing posts on Italian bus inspectors.
883,New update's broken restaurant visibility is frustrating.
884,Efficient ticket changes restore faith in Mexican service.
888,App quality is praised.
890,Loves the app.
891,Excellent app quality
886,Very good experience ordering online.
887,Reliable and easy to use platform
847,Excellent app quality
893,"Brilliant service, thanks."
801,Excellent page with hope for successful delivery
809,Helplessness regarding the impact of negative reviews.
795,"Service ease of use, viewed positively."
889,Unreliable app display with negative sentiment.
894,Fast service loved for micro-investing
892,"Comfortable, light, and breathable fit praised."
897,Frustrated stance on unavoidable cookie requests.
900,Missing e-invoice receipt is frustrating.
895,Easy setup with positive sentiment
896,Positive sentiment on last minute hotel availability.
898,Service is a terrible scam.
899,Lack of meals and movies with negative sentiment.
905,Great choices for investigating insurance quotes.
901,Service functionality is praised.
908,Easy ordering process with gratitude
909,Service usability and transparency are praised.
906,Poor seller protection and security with negative sentiment.
907,Efficiency is viewed positively.
902,Useful app
904,Non-functional app with negative sentiment.
903,Comfortable and good-looking shoes.
912,Very good and convenient service compared to post.
911,Enthusiastic sentiment about making money.
913,Currency switching is frustratingly limited to dollars.
914,Referral rewards are disappointing and limited.
917,Excellent service quality
918,Brilliant overall service quality.
916,Trading platform quality is very good.
910,Excellent fabric quality praised as the best on the market.
926,Great online banking services
923,Very good experience with the service.
921,Frustrated by review disappearing after changing pictures.
927,Excellent service quality.
924,Missing product history is frustrating.
922,Service stability is criticized.
920,Service quality is enthusiastically endorsed.
915,Service reliability is criticized as consistently problematic.
919,Application functionality praised.
925,Superb store with beautiful skirts.
936,Loving Nordstrom service.
938,Easy shopping for favorites
941,ORG241 online shopping is better than the store.
939,Fast and efficient service speed
932,Easy to use and fun to shop.
940,User-friendly website with positive sentiment.
933,Awesome app performance
935,Reviews are unreliable and hard to write.
928,Easy stock market entry with positive sentiment.
934,Unsafe drop-off location left me stranded and dissatisfied.
931,Service quality is viewed with amazement.
937,Customer support is excellent.
929,Very good quotes with positive intent to insure
930,Fast booking praised
943,Superb application functionality.
942,"Easy to use and understand, perfectly."
944,Loves the organization.
950,Excellent and easy to use design.
955,Excellent service experience
952,Good foreign exchange rates
947,Positive sentiment about the investment app.
951,Loving the learning experience.
949,Service impact is discussed with a neutral sentiment.
956,"Delicious, well-prepared food praised with great enthusiasm."
948,Easy payment process is praised.
945,Easy to use and shop.
946,Loves the app with enthusiasm.
954,Seamless new car insurance company experience
953,Helpful MOT reminders appreciated.
960,Navigation is easy.
962,Enjoyable shopping experience
958,Positive sentiment on finding references.
957,Convenient service with positive sentiment.
959,Fast delivery with enthusiasm.
963,Service appearance is praised.
961,Excellent purchase experience
965,Fast and easy service praised.
966,Frustrated by persistent network problems.
968,Found desired back to school shoes with satisfaction.
970,Chris was very helpful with the energy switch.
967,App performance is negatively discussed.
975,"Service ease, positive sentiment."
976,Service convenience is praised as easy.
971,Great deals from ORG51.
972,Fast shipping praised
969,Ease of use is praised.
974,Doubled money in three months with satisfaction.
979,App glitches with click and collect slots.
978,Making reservations domestically and internationally with loyalty.
964,Frustration with disappearing basket and missing favorites feature.
982,Really good app quality
977,Service ease of use is praised.
980,Service functionality is criticized as broken.
981,Frustrated inability to start session due to image verification.
973,Defending the service against unfair negative ratings.
983,Convenient service.
984,Great card for daily use and travelling.
992,Easy booking process.
986,Great platform for getting started in investments.
985,Non-functional app with negative sentiment.
988,Positive sentiment on COVID isolation shopping service.
990,Good app quality
987,Fast shipping appreciated during Covid19.
994,Function to filter or sort comments by time is desired.
989,App quality is praised.
995,Service is a scam.
997,Switching energy suppliers was a pleasure.
991,Horrible app.
998,Service ease of use is praised.
1002,Frustrated inability to register card without losing points.
999,Service ease of use is praised.
996,Lack of size charts is criticized.
993,Frustrating app cancellation process.
1001,Speed is praised.
1000,Very bad support service
1003,Loving the store
1014,App quality is praised.
1007,Good deal for travel insurance.
1005,Very cool app with positive sentiment.
1004,Earning money without spending money.
1016,Fast delivery praised despite current situation.
1013,Consolidated data display loved for its convenience.
1012,Exciting and fun stock value growth.
1009,Switching process is easy and clear.
1017,Found the service to be good.
1015,App quality is praised.
1006,Service ease is praised.
1008,Loves all new and old ORG7 products.
1010,Positive sentiment towards rewards.
1011,User friendly and informative with positive sentiment.
1026,Smooth service delivery with positive sentiment.
1023,Service ease and practicality praised.
1028,Problem-free returns
1021,Seamless service experience.
1024,Requests more detailed product search filters.
1027,Very good application
1022,Service ease of use is praised.
1029,Great Android banking app.
1019,Service quality is praised.
1018,Helps decision-making with positive sentiment.
1020,ORG110's effectiveness is praised.
1030,Broken favorites sync despite great overall sentiment.
1031,Unresolved reported issue with negative sentiment.
1025,Frustrated with repeated service failures.
1037,Missing Apple Pay makes checkout frustrating.
1036,Wonderful app usability on phone
1035,Dull website design.
1033,Great app with helpful market updates.
1034,Recording data is a little complicated.
1038,Amazing superstar shoe quality.
1040,Nonexistent customer support is a disaster.
1043,Missing Cyprus in country list frustrates user.
1041,App functionality is criticized with extreme frustration.
1039,Frustrating inability to remove unavailable items from basket.
1042,Famous bug fix is requested.
1045,Disastrous delivery service.
1048,Great help with the service.
1044,Informative and profitable service aspect.
1032,Service ease of use is praised.
1052,Brilliant price and helpful service.
1059,Service value is praised.
1050,App stability is problematic but otherwise great.
1046,Excellent service quality.
1060,Service quality meets expectations positively.
1053,Struggling to view weekly offers
1047,Practicality and usefulness viewed positively.
1057,Operational application with very good sentiment.
1058,Internet connection issue needs rectification.
1054,Expensive price for a short trip.
1051,Great toddler shoes in wide sizes.
1055,Missing item and poor customer service frustrate.
1049,Enthusiastic request for an AMOLED dark theme.
1056,Fraudulent service scams people.
1064,Service speed is praised.
1067,Convenient app ordering.
1061,Service ease of use is praised.
1069,App functionality praised as pretty good.
1065,Non-receipt of sum with negative sentiment.
1071,App quality is praised.
1070,Great customer experience with invaluable help.
1073,Loving the service.
1062,Excellent app functionality matching the website.
1072,Unexpected insurance refusal after receiving a quote.
1066,"Great world market access, but missing Polish WSE."
1068,Fake reviews on ORG160 with critical sentiment.
1074,Service convenience is praised.
1063,Excellent service for tracking points
1080,App quality is praised.
1076,We love ORG7 service with positive sentiment.
1079,Evan was very helpful with switching utilities.
1078,Service reliability is somewhat problematic.
1075,Service ease is praised enthusiastically.
1077,Fast and good customer service
1087,Very sad about inability to make trips.
1086,Service quality improved since update.
1084,Fast delivery speed with positive sentiment.
1085,Recovering lost funds with gratitude
1081,Very useful and clear service.
1082,General application quality is good.
1083,Unlucky service regarding worn out card replacement.
1088,"Awesome, fresh, tasty, well-put-together burger."
1090,Service ease of use is praised.
1099,Disappearing save for later list frustrates user.
1098,Loving the price.
1093,Orders are always on time.
1100,Excellent prepaid card essential outside euro zone.
1094,Simple and comfortable service experience.
1095,Awesome service updates
1102,Loves shopping with ORG174
1089,Connection problems are frustrating.
1097,Brilliant overall service quality.
1101,Helpful and informative service.
1092,Invaluable help facilitating the modern traveler.
1103,Missing delivery bags cause frustration.
1096,Frustrated by unfixable connection error bug in settings.
1091,"Likes service usage by daughter, grateful for logo help."
1108,Clean and user friendly interface.
1107,Service quality is praised.
1109,Frustrated by limited app functionality and poor search.
1111,Frustratingly slow and glitchy checkout process.
1116,Service ease of use is praised.
1112,Reasonable insurance quote sentiment.
1106,Excellent website for getting quotes.
1117,Effortless keyword search feature is awesome.
1114,Clunky app usability with disappointment.
1104,Service reliability is mixed but generally positive.
1105,"Service ease, positive sentiment."
1115,Very poor server response.
1113,Loves the ORG7 app.
1119,Beautiful service quality.
1110,Service size is criticized as too big.
1125,Service ease with positive sentiment.
1118,Professionalism is praised.
1120,Excellent multi-currency banking service.
1127,First order experience is happy.
1130,Hopes for app continuation after isolation.
1123,Intuitive app with positive sentiment.
1129,Needs more in-store deals.
1121,Service accessibility is praised.
1126,App quality is praised.
1131,Requesting fare rating.
1128,Text display is hard to see.
1122,Enjoying the service with positive sentiment.
1124,Expansive and growing features praised positively.
1135,Loving ORG9.
1137,Analysis tool availability is positive.
1134,Fast and reliable service performance
1133,Frustrated by persistent app connection errors.
1141,Usability is easy but choices are overwhelming.
1142,Excellent overall service experience.
1138,Terrible connectivity during peak times.
1139,Easy to use and switch with positive sentiment.
1140,The service is being discussed with a neutral sentiment.
1132,Tracking license plates is a desired feature.
1143,Service ease is praised.
1145,Service is praised for being beginner friendly.
1136,Good products but terrible customer service.
1144,Reluctance to enter the service location.
1146,Frequent usage expressed with positive sentiment.
1147,Useful and easy to use and order.
1153,Accurate review reporting
1151,Negative sentiment on regulatory and currency changes.
1149,Loves the app.
1148,Practical app with frequent hanging issues.
1152,Usability is praised but category search is desired.
1155,Enchanting paradise island atmosphere praised for tranquility.
1158,Excellent product variety with delightful surprise.
1156,Easy booking with good confirmation formats.
1150,Killing a child with negative sentiment.
1154,Strongly recommends the service.
1160,Quick switching process with positive sentiment
1157,Service functionality is satisfactory.
1164,Easy to use with positive sentiment.
1163,Technical difficulties are always frustrating.
1159,App quality is praised.
1161,Frustrated experience with orders being canceled after 24 hours.
1165,"Service advantages praised, privacy and banking practices criticized."
1167,User-friendly navigation praised for ease.
1168,Duplicate items appearing with negative sentiment.
1169,Enthusiastic about collecting reward nights.
1162,Simple and functional app with request for Italian stocks.
1166,Invaluable lifesaver for a single parent.
1171,Excellent speedy way to get a wide range of choices.
1175,Misleading European claim due to German number restriction.
1177,Easy to use and switch
1170,Service ease with positive sentiment.
1172,Frustratingly long insurance purchase process.
1176,Risky trading for inexperienced users.
1179,Very satisfied with the whole process.
1174,Excellent information quality.
1180,Brilliant app for the whole family.
1182,"Loves the clean, convenient lactation service."
1181,Excellent application quality
1183,Frustrated by never receiving requests.
1178,Positive customer reviews and photos aid establishment choice.
1184,Positive sentiment about the switching tool.
1173,App's lack of vegan/vegetarian filtering options.
1191,Reliable service delivered with brilliant sentiment.
1188,User-friendly and trustworthy service.
1185,"Excellent, secure processing with absolute satisfaction."
1195,Great products and delivery service.
1189,Speed and punctuality are praised.
1187,Trustworthy app
1186,Reliable and useful app highly recommended
1190,Positive profitability
1197,Loving ORG6 vdd top
1192,Frustrated inability to add or access cart.
1196,Amazing service this year after last year's disappointment.
1193,Reliable purchases without regret.
1194,Service clarity is praised.
1198,Incorrectly taken payments causing frustration.
1199,Slow loading pages but love the favorites list.
1200,Service ease of use is praised.
1202,Excellent and safe service.
1206,Service quality declined after recent revamp.
1204,Clear app with positive sentiment.
1207,Service ease is praised.
1203,Great app experience so far.
1209,Loves the app
1211,Frustrating paperless return process and wasteful plastic packaging.
1201,Problem-free functionality.
1205,Frustrating inability to select seats on the website.
1208,Great librarians and staff.
1213,Loving ORG97 and its Afterpay option.
1210,Fun and easy tool.
1214,Liked the organization
1216,"Unable to log in, expressing frustration."
1212,Site quality is very good.
1215,Great app functionality.
1217,App quality is negatively discussed.
1223,Service quality is praised positively.
1225,Awesome sale prices and free shipping.
1226,Good deal on car insurance.
1221,Application quality is praised.
1219,"Functionality praised, features need improvement."
1227,Great app functionality.
1229,Wishes the service was their bank.
1218,Excellent quality with great love.
1224,Easy and efficient to use with no problems.
1231,Fast and reliable service
1220,Efficient review process with helpful yearly requote.
1228,Adaptive icons requested; redesign praised.
1222,Shivani's exceptional individual assistance was highly appreciated.
1230,Shoe upper's knitted surface praised for elasticity and wrapping.
1232,"Beautiful service, I love it."
1235,Loving the ability to move to many parts.
1233,Service ease of use is praised.
1234,Impressive product media variety.
1241,Limited product range with negative sentiment.
1237,Reliable service despite a single computer outage.
1238,Globally accessible information tool praised repeatedly.
1243,Great discounts with positive sentiment.
1236,Effectively tracks points
1239,Unreliable service execution causes frustration.
1245,Service ease of use is praised.
1240,Service quality is praised enthusiastically.
1246,Proof of address acceptance is frustrating.
1247,Fantastic app experience.
1242,Enthusiastic willingness to write reviews.
1244,Helpful service appreciated.
1248,"Technical help resolved quickly, politely, and efficiently."
1251,Convenient service
1249,Service ease of use is praised.
1258,Great app with positive sentiment.
1252,Easy to use with no fuss.
1250,Service availability in Tijuana is missed.
1261,Application performance is problematic but practical.
1264,Good all round app
1257,Growing dissatisfaction with service longevity.
1255,Unforgettable stay with wonderful staff.
1259,Positive sentiment about the card.
1260,Frustrated by repeated order cancellations.
1256,Service ease and quality praised.
1262,Need for ORG62 for mototaxi service.
1263,Reliability is praised.
1265,Convenient shopping on the go is very good.
1267,Service potential viewed as very limited.
1253,Beautiful service appearance.
1266,Beautiful quality clothes with great sentiment.
1254,Eager desire to enter ORG62 app.
1271,Smooth service with positive sentiment.
1274,Earning a significant amount of money.
1276,Security options work brilliantly when enabled.
1278,App download speed is frustratingly slow.
1273,Excellent customer service resolving booking changes.
1270,Service ease of use is praised.
1272,Great site to use with reliable availability.
1268,Service quality is praised.
1269,Comfortable and versatile COURT sneakers highly recommended
1275,Service availability is viewed negatively.
1281,Newbie experience is manageable.
1279,Service quality is praised.
1277,Unfairly charged for next trip despite asking driver to stay.
1280,Good tool rated four stars.
1282,User friendliness is praised.
1294,Inability to transfer money to a different bank account.
1284,Cannot receive verification code to log in.
1286,Missing email service with negative sentiment.
1291,Service security and ease with positive sentiment.
1287,Excellent application quality
1293,Impossible to make returns on the app.
1289,Civilized company and driving with positive sentiment.
1295,Fast delivery speed praised despite pandemic.
1285,Unusable network connectivity is frustrating.
1290,Good app with real products.
1292,Excellent insurance sorting service
1288,Service quality is viewed negatively.
1283,Patient service helps you find what you’ll love.
1296,Frustrated with the app's poor performance and usability.
1301,The service is regarded as cool.
1306,Frustrated inability to enter Puerto Rico address.
1300,Excellent app quality
1299,Fabulous appearance with excitement to use.
1297,"Needs multiple vault admins, but otherwise excellent."
1307,"Simple, easy to use navigation."
1298,Great app functionality.
1302,Fake reviews and closed restaurants need improvement.
1303,Helpful advice is praised.
1305,Service ease of use is praised.
1309,Service performance is praised.
1310,Service ease appreciated positively.
1304,Excellent app quality.
1308,Saving money on energy bills with positive sentiment.
1319,Wide selection is very good.
1314,Brilliant service quality.
1316,Effortless flight booking with strong approval.
1323,Ease of use for first-time traders is praised.
1315,Can't download the app.
1322,Negative sentiment about using the free service.
1313,Broken search and connection issues cause frustration.
1317,Informative app with positive sentiment.
1324,Service ease is praised.
1318,App quality is praised.
1312,Everything is super.
1311,Great app functionality.
1320,Professional work with gratitude.
1327,Practicality is praised.
1329,Reliable and efficient delivery praised
1335,Improper collections with negative sentiment.
1325,Missing multi-city flight selection is frustrating.
1334,No issues with untested features so far.
1328,Enjoyable service for spending a bit of money.
1330,Great app functionality.
1331,Trusted service reliability
1326,Easy site navigation and excellent selection
1321,Negative experience with lost items in ORG62 cars.
1337,Newest styles praised.
1332,Negative sentiment on service quality.
1336,App quality is praised.
1333,Indivisible unity of China's provinces with firm sentiment.
1338,Beautiful service quality.
1339,Returns and wish lists work nicely and easily.
1341,Product appearance matches photos with positive sentiment.
1346,Annoying spam notifications requiring tedious disabling.
1348,Handy service with awesome functionality
1349,Excellent app with very positive sentiment.
1344,Comprehensive service features with positive sentiment.
1345,Positive sentiment about the demo performance.
1351,Good reception quality.
1343,Limited country support is unfortunate.
1340,Service ease of use is praised.
1347,Poor quality fresh and frozen produce with disappointment.
1342,"Professional, understandable, and detailed customer service."
1350,Positive online buying experience
1352,Restaurant rankings are very difficult to use.
1353,Wonderful service praised for excellent product.
1356,Ease of use and functionality viewed positively.
1354,Professional and polite online chat support.
1359,Great app functionality
1355,App quality is praised.
1363,Excellent account closing service
1364,Erasing history is confusing.
1362,Frustrated confusion about deleting unwanted products from the cart.
1358,Cannot understand cell with frustration.
1360,Extremely helpful and patient service.
1361,Thrilled sentiment about buying Michael Jordan sneakers.
1365,Incorrect billing for undelivered service.
1367,Excellent shoe selection with exclusive loyalty.
1357,Best deals with positive sentiment
1366,Positively discusses exclusive access to buy favorite shoes.
1368,Very positive sentiment about the service's convenience.
1369,Inability to pay with negative sentiment.
1370,"User-friendly, accurate, and reputable service."
1377,User-friendly service with effective stock picking.
1371,Reliable restaurant recommendations.
1378,Frustrated by unhelpful and generic customer service.
1374,Excellent way to spend money abroad.
1376,Frustrated warning to avoid the bank due to locked account.
1381,Stole money and refuses to return it.
1380,App functionality is negative.
1375,Helpful service appreciated.
1379,ORG9's service is described as magical.
1373,Fast booking is praised.
1372,ORG52’s service is overrated and unreliable.
1382,Inventory availability is frustratingly inaccurate.
1383,Suspicion that the service is a scam.
1384,Fixing status and navigation bar colors.
1387,Excellent app quality
1386,Frustrated inability to find specific clothing items.
1394,Buying stocks is good for beginners.
1393,Successfully finding needed items on confused.com.
1389,Service simplicity is excellent.
1388,"Knowledgeable trading advice, positive sentiment."
1385,App quality is praised.
1390,"Enjoyed flights, expresses strong loyalty to ORG107."
1397,Excellent customer service from a pleasant and meticulous agent.
1392,Service ease of use is praised.
1395,Loves the app.
1391,Positive sentiment on pre-trip information availability.
1396,Frequent app usage highly recommended.
1402,Requesting delivery to Uzbekistan with a positive sentiment.
1407,Sharp practice in rising insurance premiums.
1401,Clean and easy to use interface.
1406,Frustrated with slow travel time.
1398,Helpful guidance with excellent sentiment.
1399,"Essential, practical, and intuitive trading functionality"
1403,Easy to use app with positive sentiment.
1405,Fast and easy service praised.
1409,App quality is praised.
1408,Title's effectiveness is praised.
1410,Excellent app functionality.
1411,User friendliness is praised.
1416,Application's unauthorized access is vehemently condemned.
1421,Easy booking process praised.
1415,Easy-to-use app with positive sentiment
1414,App performance is currently frustrating due to glitches.
1400,Charting functions need improvement.
1413,Announcements interrupting prayers are distracting.
1412,Max's professional and patient service was excellent.
1420,Verification code delays cause frustration.
1417,Excellent vehicle condition for mobility.
1419,Frustrated that published reviews are not saved.
1404,Expanding service to meals with great enthusiasm.
1418,Positive service quality.
1422,Unauthorized stock sales caused significant financial loss.
1423,Annoying excessive advertisements causing app uninstall.
1432,Easy learning and trading process with positive sentiment.
1431,Excellent item quality.
1430,Slow product delivery is frustrating.
1427,Confusing app booking process but good overview.
1434,Inaccurate uvication with negative sentiment.
1426,Positive sentiment regarding service references.
1424,Easy and uncomplicated navigation.
1435,Authentic Italian dining experience praised as excellent.
1428,Flawless functionality but limited ETF and trading selection.
1429,Choosing activities in destinations is difficult.
1425,The service is regarded as cool.
1436,Loving the app's mobile accessibility.
1433,Positive app quality
1437,"Useful but cumbersome, slow, and crash-prone application."
1444,Ease of making trades with positive sentiment.
1449,App quality is praised.
1441,Enthusiastic frequent use of trip boards.
1438,Frustrated by failure to update balance.
1446,Helpful service aspect viewed positively.
1448,Inconsistent address display needs improvement.
1450,Smooth service performance is praised.
1440,Positive shipping speed
1443,Frustrated by unreliable server uptime.
1445,Service quality is viewed positively.
1447,Buggy app with off-putting target audience.
1439,"Excellent, wide-ranging advice."
1451,Problems using pre credits.
1442,Ordering process is convenient and encourages return
1454,Business advertising with negative sentiment.
1452,Faster access to deals with positive sentiment.
1463,User-friendly service praised for ease of use.
1462,Good app performance
1458,Comfortable service is discussed positively.
1455,Easy shopping saves time for family.
1459,Excellent money tracking and real-time information.
1461,Points work immediately with positive sentiment.
1453,Efficient storage usage is praised.
1460,Enthusiastic endorsement of opening an account.
1457,Broken package and damaged shoes cause dissatisfaction.
1465,App quality is criticized as terrible.
1456,Brilliant overall service quality.
1464,Easy and pleasant switching process.
1477,Ease of use and instant updates praised.
1470,Comprehensive service features with enthusiastic satisfaction.
1466,Wish I had discovered the service sooner.
1468,Excellent service tips.
1475,Helpful and patient service with energy switch.
1467,Excellent website quality.
1474,Frustrated that scanning the Clubcard rarely works.
1476,Service is a cheater with negative sentiment.
1472,Excellent advance information on facilities and activities.
1471,Cash entry limitation is criticized.
1469,Frustrated by frequent app crashes and cart issues.
1480,Really good app quality
1484,Excellent dining options discovery.
1473,Helpful service.
1482,"Cannot download app again, frustrated."
1481,Easy to use app with positive sentiment.
1479,Great fit of shirt and pants.
1489,Store selection is praised as superior.
1485,Loves the service with very positive sentiment.
1483,Important talks with a positive learning sentiment.
1478,Confused about how to get ORG5 meals.
1490,Convenient mobile grocery shopping is fondly appreciated.
1488,User friendly with love
1487,ORG77 Drivers app existence is questioned.
1494,Frustrated inability to review hotel after stay.
1486,Defective product with disappointed sentiment.
1492,Loving the ORG7 feature with enthusiastic sentiment.
1491,Saves significant money on car insurance
1498,Good platform easy to use.
1503,Great experience with the service.
1501,Excellent recommendations
1495,Exceptional quality of the service
1500,Positive sentiment towards the app.
1493,Editing reviews for spelling mistakes is desired.
1497,Excellent resource quality.
1499,Buggy functionality works acceptably.
1496,Great app functionality.
1502,Reliable point of reference for trips and meals.
1507,Frustrated inquiry about the implementation of ORG62 Yola.
1506,Positive sentiment about getting insurance quotes.
1512,Service ease is praised.
1504,App checkout functionality is frustratingly broken.
1505,Positive customer service
1514,Excessive rate increases are frustrating.
1511,App functionality is frustrating and unreliable.
1510,Proud sentiment about straightening out the car.
1515,Useful service aspect viewed positively.
1513,Frustrated by incorrect shoe category selection.
1516,Booking option availability is frustratingly unclear.
1508,Requesting multicurrency option addition.
1509,Easy to follow and informative.
1518,Great app functionality.
1517,"Positive sentiment on medium, community, and functionality."
1530,Helpful service aspect viewed positively.
1520,App quality is okay.
1521,Efficient and timely order delivery.
1519,Frustrated call to restore previous dynamics notification method.
1525,Excellent site for checking hotels and destinations.
1532,App functionality is criticized as terrible.
1528,Hidden room price increase despite lack of fees.
1527,Essential service with positive sentiment.
1522,Dislikes the overwhelming amount of information.
1531,Great offers discussed with positive sentiment.
1526,Convenient voucher storage with Apple Pay.
1529,Service quality is praised as nice and smooth.
1524,Comfortable and easy-to-wear shoes.
1523,Service functionality is broken.
1540,Positive shopping convenience
1542,Nice app experience
1541,Great app functionality.
1538,Incorrect block display causes mutual discomfort.
1533,Ease of use praised for being informative.
1543,Limited kid-friendly activities in some cities.
1546,App quality is praised.
1535,Safer option to send tour to another person.
1534,Fast and easy service praised.
1536,Fast delivery and accurate description praised.
1537,Good and convenient service.
1544,Excellent assistance from helpful staff.
1545,Practical and easy to use with recommendation.
1539,Awesome app functionality.
1550,Professional service with extensive analysis material.
1554,Service ease is praised.
1548,Excellent work with gratitude
1553,Timely delivery with satisfaction.
1547,Customer inquires about exchanging items for a larger size.
1555,Excellent service deserves five stars.
1549,Unable to reinstall the app.
1556,Incompatibility with iPad is unfortunate.
1552,Praises the quality of ORG143.
1551,Good app quality.
1559,Adding ORG62 bike with neutral sentiment.
1558,Recent update improvements are good but need more.
1560,Slow service speed with negative sentiment.
1557,Frustrated inability to find itinerary.
1568,Service ease of use is praised.
1562,Pleasant staff.
1561,Service ease is praised.
1567,Excessive plastic packaging use frustrates customer.
1573,Positive investment value
1569,Good customer service.
1564,Frustrated by excessive steps.
1563,Positive app quality.
1574,Easy to understand for stocking and sharing.
1570,Terrible app performance.
1572,Service cost is praised as a money saver.
1565,Frustration with crashes during trading hours.
1566,Product accuracy is praised.
1576,Excellent app quality.
1571,Revolutionizing the way money is exchanged.
1577,Taxi service failed to send vehicle.
1578,Unable to register or order card due to technical issues.
1581,Saving money with positive sentiment
1585,Effortlessly avoids unwanted small talk about energy saving.
1584,Exciting newness of the service.
1580,Service neatness praised enthusiastically.
1575,Service ease is praised.
1579,Asking how to become an ORG62 in Venezuela.
1583,Excellent customer service from Victoria praised as helpful and polite.
1590,Game quality is superior.
1588,Extremely informative service.
1594,Excellent service quality.
1587,Excellent quick response from ORG5.com
1589,Graphs are not updated dynamically with frustration.
1586,Good time marred by crooked glasses.
1582,Comfortable exercise wear worth buying.
1592,Positive ease of navigation
1597,Frustrated by long wait times without reaching customer service.
1591,Versatile service great for all travellers.
1596,Very happy with the solution
1595,Fantastic app quality.
1598,Missing Apple Wallet support limits usefulness.
1593,Easy operation and inspiration praised.
1608,User-friendly for beginners.
1606,Easy setup praised positively.
1600,Lack of bike option in the app.
1609,Race finalization delay causing uncertainty.
1599,Discusses entering dangerous places like favelas with concern.
1604,Annoying app constantly crashes and misses items.
1607,Loving the app’s improving travel discovery features.
1605,Unfair treatment of striking workers sparks outrage.
1603,Service functionality is praised.
1602,Frustrated by ineffective search engine for available products.
1601,Convenient collect and go service with positive sentiment
1610,Positive sentiment on the app.
1612,Exclusive brands embraced with love.
1617,App design ensures fund loss.
1618,Fast delivery with positive sentiment
1622,Reliable trip recommendations.
1613,Easy account loading.
1623,Adding stops is frustratingly impossible.
1614,"Compact and good, but lacks options."
1619,Positive sentiment about user-friendly apps.
1620,Unreliable product page loading with frequent issues.
1616,Search feature and app appearance criticized.
1621,Easy to use with lots of options.
1625,Making money fast is great.
1615,"Excellent service and functionality, but premium exclusivity is limiting."
1627,Excellent interactivity and ease of use.
1632,Efficient problem solving with positive sentiment.
1633,Service speed is praised.
1630,Simple and efficient service process.
1626,Frustrating checkout experience due to cart clearing.
1635,Great app quality
1637,Service performance is praised positively.
1636,Terrible delayed prices caused significant financial loss.
1629,Frustrated by errors when requesting ORG62.
1631,Frustrated with buggy app repeatedly asking for identity verification.
1628,Inability to pay in euros is frustrating.
1634,Service functionality is criticized as broken.
1642,Pricing currency bothers me.
1645,Variable rates differ negatively from initial quote.
1638,Positive sentiment on trade execution.
1639,Buggy filter and sort features frustrate user.
1640,Ugliest car interior described with horror.
1646,Positive sentiment about the service's sneakers.
1643,"Frustrated with locked, closed app preventing searches."
1641,Efficient and friendly customer service.
1648,Loving the travel assistance.
1644,The appearance is viewed positively.
1649,Female driver option provides comfort.
1647,Marta Celiz is discussed with neutral sentiment.
1652,Exploring the service is a great experience.
1650,Brilliant overall service quality.
1653,"Fast, efficient system praised."
1654,Good value for money.
1656,Cannot download app on new phone.
1658,App quality is praised.
1660,Enjoying the service so far.
1659,Excessive obsession with easy shopping.
1661,Puzzled by unexpected grade drop.
1655,Great app functionality.
1624,Service quality is very good.
1651,Great for traveling and online shopping.
1611,"Efficient, knowledgeable, and kind renewal service."
1657,Satisfied with ordered polo shirts.
1662,Excellent service meets all needs.
1664,Very good and functional service.
1669,Great app for dining venue decisions.
1675,Changing preferences is easy.
1674,User-friendly app with positive sentiment.
1667,Loves the app's comprehensive features.
1676,Excellent app prevents disappointment
1665,Great app functionality.
1671,App crashes occasionally cause frustration.
1673,Helpful and knowledgeable staff with positive sentiment.
1663,Struggling to use prepaid service.
1668,Shoe stock availability is disappointing.
1670,Service quality is praised.
1672,Need to add Indian Rupee account.
1666,Frustrated endless loop with email verification.
1677,Excellent service quality.
1686,Easy to use with plenty of options
1687,Fun and easy service enjoyment
1679,Simple QR code reader usage with positive sentiment.
1680,Great product selection with positive sentiment.
1681,Complex setup but smooth operation.
1689,User friendliness is praised.
1688,Loves the app.
1685,Positive sentiment about ORG174.
1684,Sharing experiences is enabled.
1683,Helpful and professional service.
1678,Rapidly increase app downloads and revenue.
1682,"Excellent, hassle-free service from Gareth Burnett."
1690,App quality is praised.
1691,Smooth and uncomplicated service experience.
1694,"Helpful, quick, and communicative customer service."
1695,Cannot find downloaded app on iPad.
1696,Amazing app functionality
1702,Reliable and helpful service.
1692,Standard plan is viewed as useless.
1701,Stunned reaction to asking ORG62.
1698,Helpful service
1704,Disappointed by lack of rejection notifications.
1700,"Small letters criticized, percentage change noted."
1693,Unreliable server performance causes trading issues.
1697,App is awesome.
1699,App compatibility with mobile phone is disappointing.
1703,Doubts about news of service termination by mistake.
1707,Excellent service quality.
1706,Expressing gratitude for ORG123.
1705,Efficient and easy service with positive sentiment.
1709,Reliable app performance with positive sentiment
1710,Incorrect change given by driver with frustration.
1712,Excellent banking service
1714,Service suitability for beginners with positive sentiment.
1715,"Comfortable, beautiful design that prevents foot fatigue."
1711,Service functionality is praised.
1708,Correcting the price list with encouragement.
1717,App crashes immediately with extreme frustration.
1722,Service aspect goof viewed with neutral sentiment.
1719,Dislikes the heavy weight.
1723,Excellent product and service.
1718,Service organization is praised positively.
1720,Enjoyable stock experimentation for beginners.
1713,Deceptive service reliability with negative sentiment.
1716,Flawed iDEAL payment redirection causes frustrating duplicate charges.
1726,Loving the app.
1725,Helpful app for planning vacations
1728,Excellent store quality.
1727,Service quality is praised positively.
1721,"App's models promote unrealistic, anorexic body standards."
1734,Efficiently saves time online
1736,Positive application quality
1732,Service quality is praised enthusiastically.
1730,Ordering process is easy.
1737,"Developer response praised, but search error messaging criticized."
1739,Awful recent customer service.
1724,Excellent service experience.
1731,Excellent app quality
1729,ORG31 is a big help for beginners.
1735,Shopping experience is better than ORG33.
1742,Loves the shoe and colorway.
1740,Amazing trading app.
1741,Conveniently using the service during spare moments.
1746,Extremely helpful information and recommendations.
1744,Positive feedback regarding booking.
1743,Really good app.
1745,Excellent customer service from representative Raj.
1748,Service effectiveness praised as life-saving.
1753,Very slow service speed.
1750,Customization brings happiness.
1751,Blazer quality and sizing are terrible.
1758,Awesome app performance
1754,Excessive memory usage on cell phones.
1749,Loves access to newest kicks and customization.
1747,Frustrated search for help with broken trade notifications.
1755,Delighted with helpful home delivery service.
1757,Traveling is praised as excellent.
1759,Reliable restaurant guidance.
1763,Positive account quality.
1762,"Sales holds are frustrating, but the app is great."
1760,People's opinions help discover incredible places.
1761,iPhone app quality is praised.
1768,Informative points tracking is appreciated.
1765,Service navigation is confusing but enjoyable.
1766,User friendliness is praised.
1767,Fancy products viewed positively.
1764,Easy navigation is praised.
1769,Pleasant service experience
1756,Expressing tentative interest in trying the service.
1773,Excellent service quality.
1772,App stability is still problematic.
1770,Brilliant app with positive sentiment.
1776,Service usability and setup are praised.
1771,Happy with charts and execution.
1774,Loves the ORG216 app.
1778,Lack of PC-based offer with negative sentiment.
1779,Effortless research process with excellent service.
1780,Latest update causes freezing and crashing.
1781,"Delicious, beautiful homemade chocolates with great variety."
1777,Convenient to use with gratitude
1775,App quality is praised.
1783,Dislikes the new privacy updates.
1782,Essential nature of the service is passionately affirmed.
1738,Excellent banking service.
1752,Excellent app satisfaction
1733,Car insurance service praised as successful.
1784,Convenient all-in-one service praised as brilliant.
1788,Speedy and accurate information praised.
1789,App incompatibility with Android causes shopping frustration.
1792,Fantastic app performance
1787,Adele made switching easy and pleasant.
1786,Intuitive service ideal for beginners.
1785,Happy to pay in any country without changes.
1791,Misses shopping by department.
1790,Fast service with positive sentiment
1797,Service quality is praised.
1794,Orders arrive quickly with convenience.
1795,Navigation is difficult.
1805,Service navigation is praised as very easy.
1799,User friendly interface with positive sentiment.
1793,Uncomfortable with unclear policy on approaching unaccompanied minors.
1803,Loves the app.
1804,App functionality is criticized.
1802,Uncertainty about when to call the service.
1798,Abundance of useful information.
1808,Satisfied with purchases
1800,Excellent Council app functionality
1801,"Excellent, honest, and straightforward service."
1807,Denied hotel admission causing frustrating wait.
1810,Service convenience and ease of use praised
1812,Multibanking limitations disappoint despite brisk app.
1815,Enjoyable and effective learning experience
1796,Love for all ORG6 products.
1806,Positive app quality.
1811,Helpful service despite poor parking.
1817,Discount request with positive sentiment
1813,App fails to switch to horizontal view.
1819,Service quality is good.
1820,Application quality is praised.
1818,Poor customer service from ORG51.
1809,Service usability is praised as easy and clear.
1814,Helpful and timely query resolution.
1816,Loves the service with positive sentiment.
1821,Easy to use with perfect suitability.
1824,App connectivity is frustratingly unreliable.
1826,Service speed is frustratingly slow.
1822,Great app for making money but needs more stock options.
1823,Finding vacation needs with a helpful sentiment.
1830,Interesting product selection
1828,Positive confirmation email receipt.
1829,Dislikes the new app icon.
1831,Liked the very good ship
1834,Hates the new green color.
1827,Exchange rate is very good.
1832,Positive shopping experience with stores and available colors.
1825,Great variety and availability of information.
1838,Excellent jewelry design.
1833,Excellent app and website for renters.
1837,Unfair review deletion prompts quitting the service.
1839,Articles are styled very cool with positive sentiment.
1840,Brilliant overall service quality.
1845,Simple and useful service aspect.
1846,Limited item availability is the only negative aspect.
1836,Usefulness is viewed positively.
1835,App functionality praised as reliable.
1842,Service ease and information abundance praised.
1847,Frustrated with crashing and slow loading.
1844,Requests iPad keyboard compatibility with number row.
1848,Service mistakes are viewed negatively.
1843,Frequent updates worsen the app.
1850,Very happy with saving money and time.
1841,Inflexible cancellation policy during difficult times.
1849,Very good prices
1852,Usefulness is viewed positively.
1855,"Modified app prevents buying specific items, causing frustration."
1856,Unable to enter address when buying trainers.
1851,Quick and crisp response handled positively.
1854,International flight wait times are boring.
1858,Trustworthy and easy to use service.
1859,Very positive sentiment about the service's convenience.
1863,iOS 13 requirement frustration.
1860,Timely service is praised.
1857,Helpdesk service is helpful and effective.
1865,Awesome app functionality.
1853,Convenient mobile access without the website.
1862,Praises comprehensive benefits and ease of transfers.
1861,Confusing NCB limit despite easy-to-use site.
1866,Service ease of use is praised.
1864,Service clarity is viewed negatively.
1867,Service availability is praised.
1871,Service ease of use is praised.
1869,Excellent site for learning about hotels and places.
1870,Package search functionality is criticized as bad and unintuitive.
1880,Helpful and patient customer service advisor.
1872,Excellent product quality
1874,Positive sentiment on current service performance.
1873,Service functionality in Macedonia is criticized.
1876,Excellent card quality
1877,Reliable service with good films and food.
1875,Sentiment: Wishing for an iPadOS version.
1879,"Useful, well thought out app"
1882,Service smoothness praised.
1883,Smooth service experience
1878,Easy to use app
1868,Damaged packaging causes concern.
1881,Service legitimacy is viewed negatively.
1884,Frustrating lack of large shoe sizes.
1890,Buggy app functionality causes frustration.
1894,Current love for the service.
1889,Reliable app performance with positive sentiment.
1887,Exclusion of disabled people is abusive.
1897,Helpful information provided with gratitude
1891,Limited stock selection with positive sentiment.
1898,Disappointed about service unavailability in high-risk area.
1888,Extremely comfortable durability.
1893,Helpful app loved
1892,Discontinued items should not be shown.
1885,Requests iPad version for larger screens.
1886,Sustainable trading tool praised as excellent.
1896,Service quality is praised enthusiastically.
1895,Frustratingly unresolved identity document processing delays.
1902,Fast delivery speed with positive sentiment.
1901,Loves the store
1900,Comfortable soles with positive sentiment.
1899,Unhelpful service support
1909,Frustrated plea to fix the recurring issue.
1903,"Perfect for knowing where to sleep, dine, and have fun."
1911,Recommended for the wide variety of styles available.
1904,Excellent portability of the service.
1908,Disagreement with disproportionate service prices.
1905,Very quick and perfect switching process.
1906,App functionality broken after delivery system update.
1907,Fast delivery with positive sentiment
1914,Positive sentiment on Apple's menu.
1912,Excellent help and patience from staff.
1910,Service usability and booking process praised as easy.
1915,Asking about missing card abroad with curiosity.
1917,Excellent service quality.
1913,App quality and variety praised.
1916,Service ease is praised.
1919,The seriousness of the service.
1921,Frustrated that preferences will not save.
1922,Missing sort options lower app effectiveness.
1920,Service quality is praised.
1924,Informative and liberating service aspect.
1925,Broken package with negative sentiment.
1930,Positive sentiment on ease of use.
1926,Scary safety concerns regarding app usage.
1928,Easy operation and clarity are praised.
1929,Inelegant garments but sublime knitwear.
1927,"Handy and easy navigation, highly recommended."
1923,Data loss after errors is infuriating.
1931,Loving the daily deals and great discounts.
1934,"Excellent, easy, and functional application."
1943,Service simplicity praised positively.
1933,App's role in initiating actions.
1938,Reduced item visibility after update frustrates user.
1935,Optimistically learning to use the service.
1936,Asking for a car is consistently problematic.
1944,Very good app with limited information.
1941,Sparks feature not updating.
1940,Enjoying everything about ORG7 Attire.
1937,Frustrated that returning to reservations redirects to home page.
1939,Delighted with conversation and hopeful for resolution.
1948,Unusable service due to pink screen.
1951,Good application that recommends several sites.
1947,App hanging is frustrating.
1953,Shoe quality is praised.
1949,Fast and efficient service praised.
1955,Easy order processing with positive sentiment.
1946,Very satisfied with work-related service help.
1952,App quality is praised.
1945,Exploitation of families with negative sentiment.
1957,User friendly app with positive sentiment.
1958,Unhappy with warranty policy on replacement devices.
1956,Negative sentiment on mobile downloading capability.
1960,App is great for tracking switch progress.
1959,Nice app functionality
1950,Mostly very good usability despite occasional freezing.
1932,Good variety of styles
1942,Speed of execution is sometimes slow.
1954,Service usability is criticized negatively.
1918,Frustrated finger recognition not working.
