bench,k,seeds,nmi_mean,nmi_std,acc_mean,acc_std,rounds_kept,n_categories
arxiv_fine,93,5,62.38,0.25,43.7,1.66,0.0,78
banking77,77,5,83.37,1.59,65.68,5.17,1.4,24
bbcnews,5,5,90.04,0.52,96.83,0.18,0.4,12
clinc150,151,5,83.45,1.58,61.72,4.57,0.6,19
clinc150_domain,10,5,62.03,0.45,55.45,0.97,0.0,22
dbpedia,14,5,82.54,4.39,76.76,6.0,1.0,17
fewevent,34,5,64.92,1.25,44.64,3.71,0.0,3
fewnerd,58,5,61.73,1.03,39.25,0.66,0.6,21
fewrel,64,5,56.81,0.32,40.3,1.49,1.2,28
massive_domain,18,5,70.05,0.29,63.07,1.9,3.0,26
massive_intent,59,5,68.98,1.14,52.19,1.71,2.8,28
mcid,16,5,70.1,3.15,69.25,4.25,3.0,15
mtop_domain,11,5,89.61,0.71,94.44,0.67,2.4,10
mtop_intent,102,5,79.93,0.33,49.04,2.76,0.0,15
reddit_s2s,49,5,61.62,0.42,60.23,1.35,2.8,50
snips,7,5,92.9,0.41,96.84,0.26,3.0,10
stackexchange_cl,121,5,71.72,0.23,57.28,0.76,0.0,28
stackoverflow20,20,5,81.21,0.42,87.25,0.42,3.0,56
tweet89,89,5,87.84,0.93,68.64,3.54,1.2,36
